{
    "altAbility": 0,
    "artistRibbon": 0,
    "attack": 10,
    "attackEV": 0,
    "attackIV": 1,
    "beauty": 0,
    "beautyRibbon": 0,
    "championRibbon": 0,
    "cool": 0,
    "coolRibbon": 0,
    "countryRibbon": 0,
    "cute": 0,
    "cuteRibbon": 0,
    "defense": 10,
    "defenseEV": 0,
    "defenseIV": 21,
    "earthRibbon": 0,
    "effortRibbon": 0,
    "enrichedMoves": [
        {
            "accuracy": 100,
            "effect": "Deals damage with no additional effect.",
            "id": 10,
            "kind": "Physical",
            "name": "Scratch",
            "power": 40,
            "pp": 35,
            "type": "Normal"
        },
        {
            "accuracy": 100,
            "effect": "Lowers the target's Attack by 1 stage.",
            "id": 45,
            "kind": "a-",
            "name": "Growl",
            "power": 0,
            "pp": 40,
            "type": "Normal"
        },
        {
            "accuracy": 0,
            "id": 0,
            "name": "None",
            "power": 0,
            "pp": 0
        },
        {
            "accuracy": 0,
            "id": 0,
            "name": "None",
            "power": 0,
            "pp": 0
        }
    ],
    "eventLegal": 0,
    "experience": 135,
    "friendship": 70,
    "hasSpecies": 1,
    "heldItem": 0,
    "hiddenPowerType": "Water",
    "hp": 19,
    "hpEV": 0,
    "hpIV": 7,
    "isBadEgg": 0,
    "isEgg": 0,
    "itemName": "None",
    "landRibbon": 0,
    "language": 2,
    "level": 5,
    "magicWord": 4221497752,
    "mail": 318772223,
    "marineRibbon": 0,
    "markings": 0,
    "maxHP": 19,
    "metGame": 4,
    "metLevel": 5,
    "metLocation": 88,
    "metLocationName": "Pallet Town",
    "moves": [
        10,
        45,
        0,
        0
    ],
    "name": "Charmander",
    "nationalRibbon": 0,
    "nature": "Docile",
    "otGender": 0,
    "otId": 1366379532,
    "personality": 2867838356,
    "personalityBin": "10101010111011111011110110010100",
    "personalityF": 43759,
    "personalityL": 48532,
    "pokeball": 4,
    "pokerus": 0,
    "pokerusStatus": "none",
    "pp": [
        35,
        40,
        0,
        0
    ],
    "ppBonuses": 0,
    "sheen": 0,
    "shiny": false,
    "shinyValue": 2566,
    "skyRibbon": 0,
    "smart": 0,
    "smartRibbon": 0,
    "spAttack": 12,
    "spAttackEV": 0,
    "spAttackIV": 30,
    "spDefense": 10,
    "spDefenseEV": 0,
    "spDefenseIV": 13,
    "species": 5,
    "speciesName": "Charmander",
    "speed": 12,
    "speedEV": 0,
    "speedIV": 24,
    "status": 0,
    "tough": 0,
    "toughRibbon": 0,
    "type": [
        "Fire"
    ],
    "victoryRibbon": 0,
    "winningRibbon": 0,
    "worldRibbon": 0,
    "zeroPadNumber": "004"
}