{
    "altAbility": 0,
    "artistRibbon": 0,
    "attack": 0,
    "attackEV": 0,
    "attackIV": 0,
    "beauty": 0,
    "beautyRibbon": 0,
    "championRibbon": 0,
    "cool": 0,
    "coolRibbon": 0,
    "countryRibbon": 0,
    "cute": 0,
    "cuteRibbon": 0,
    "defense": 0,
    "defenseEV": 0,
    "defenseIV": 0,
    "earthRibbon": 0,
    "effortRibbon": 0,
    "enrichedMoves": [],
    "eventLegal": 0,
    "experience": 0,
    "friendship": 0,
    "hasSpecies": 0,
    "heldItem": 0,
    "hp": 0,
    "hpEV": 0,
    "hpIV": 0,
    "isBadEgg": 0,
    "isEgg": 0,
    "itemName": "None",
    "landRibbon": 0,
    "language": 0,
    "level": 0,
    "magicWord": 0,
    "mail": 0,
    "marineRibbon": 0,
    "markings": 0,
    "maxHP": 0,
    "metGame": 0,
    "metLevel": 0,
    "metLocation": 0,
    "metLocationName": "None",
    "moves": [
        33,
        45,
        0,
        0
    ],
    "name": "None",
    "nationalRibbon": 0,
    "nature": "",
    "otGender": 0,
    "otId": 0,
    "personality": 0,
    "personalityBin": "0",
    "personalityF": 0,
    "personalityL": 0,
    "pokeball": 0,
    "pokerus": 0,
    "pokerusStatus": "none",
    "pp": [],
    "ppBonuses": 0,
    "sheen": 0,
    "shiny": false,
    "shinyValue": 65535,
    "skyRibbon": 0,
    "smart": 0,
    "smartRibbon": 0,
    "spAttack": 0,
    "spAttackEV": 0,
    "spAttackIV": 0,
    "spDefense": 0,
    "spDefenseEV": 0,
    "spDefenseIV": 0,
    "species": 0,
    "speciesName": "None",
    "speed": 0,
    "speedEV": 0,
    "speedIV": 0,
    "status": 0,
    "tough": 0,
    "toughRibbon": 0,
    "type": [],
    "victoryRibbon": 0,
    "winningRibbon": 0,
    "worldRibbon": 0,
    "zeroPadNumber": "0"
}